username,total_attempt,failed_attempts,successful_attempts,unique_ips,unique_device,unique_location,failure_rate,risk_score,risk_level
admin,1066,113,953,5,4,5,10.600375234521577,6,CRITICAL
finance01,1106,117,989,5,4,5,10.57866184448463,6,CRITICAL
hari,1168,120,1048,5,4,5,10.273972602739725,6,CRITICAL
hr01,1095,109,986,5,4,5,9.954337899543379,6,CRITICAL
manager,1140,109,1031,5,4,5,9.56140350877193,6,CRITICAL
ram,1125,114,1011,5,4,5,10.133333333333333,6,CRITICAL
sachin,1065,97,968,5,4,5,9.107981220657276,6,CRITICAL
sales01,1100,103,997,5,4,5,9.363636363636365,6,CRITICAL
sita,1135,99,1036,5,4,5,8.722466960352424,6,CRITICAL
